mutation_id	sample_id	ref_counts	alt_counts	major_cn	minor_cn	normal_cn	tumour_content	error_rate	g_n	g_r	g_v	ccf	mu	cluster
m0	s0	69	29	3	0	2	1.0	0.001	AA	AA	BBB	0.1692567775854891	0.23460756427139176	0
m0	s1	66	39	2	2	2	1.0	0.001	AA	AA	AABB	0.7555651186098564	0.43052208401687436	0
m0	s2	49	39	2	2	2	1.0	0.001	AA	AA	AABB	0.9529679801978649	0.48798291722177256	0
m0	s3	83	9	1	0	2	1.0	0.001	AA	AA	B	0.33915875910166066	0.20480060011056522	0
m1	s0	37	62	1	0	2	1.0	0.001	AA	A	B	0.5595162337345532	0.5593972012670841	1
m1	s1	62	48	1	0	2	1.0	0.001	AA	A	B	0.4851607633848546	0.4851904418580849	1
m1	s2	10	95	1	0	2	1.0	0.001	AA	A	B	0.8998003245466621	0.8990007238975689	1
m1	s3	50	41	1	1	2	1.0	0.001	AA	AA	AB	0.7695649077178573	0.38501288895121083	1
m2	s0	84	15	2	0	2	1.0	0.001	AA	AA	BB	0.1692567775854891	0.1699182640303181	0
m2	s1	52	45	2	1	2	1.0	0.001	AA	AA	ABB	0.7555651186098564	0.5485695463241614	0
m2	s2	48	43	1	1	2	1.0	0.001	AA	AA	AB	0.9529679801978649	0.4765310221187346	0
m2	s3	58	38	2	0	2	1.0	0.001	AA	AA	BB	0.33915875910166066	0.3394804415834573	0
m3	s0	90	10	2	2	2	1.0	0.001	AA	AAAA	AAAB	0.1692567775854891	0.04314493761878679	0
m3	s1	82	18	4	0	2	1.0	0.001	AA	AAAA	AAAB	0.7555651186098564	0.18913571453385425	0
m3	s2	3	94	2	0	2	1.0	0.001	AA	AA	BB	0.9529679801978649	0.9520620442374692	0
m3	s3	62	40	2	0	2	1.0	0.001	AA	AA	BB	0.33915875910166066	0.3394804415834573	0
m4	s0	87	10	2	0	2	1.0	0.001	AA	AA	BB	0.1692567775854891	0.1699182640303181	0
m4	s1	35	56	1	0	2	1.0	0.001	AA	AA	B	0.7555651186098564	0.6069408970683078	0
m4	s2	6	90	2	0	2	1.0	0.001	AA	AA	BB	0.9529679801978649	0.9520620442374692	0
m4	s3	93	18	1	0	2	1.0	0.001	AA	AA	B	0.33915875910166066	0.20480060011056522	0
m5	s0	77	18	1	1	2	1.0	0.001	AA	AA	AB	0.5595162337345532	0.280198600633542	1
m5	s1	89	12	2	1	2	1.0	0.001	AA	AAA	AAB	0.4851607633848546	0.16223509369823333	1
m5	s2	80	22	3	1	2	1.0	0.001	AA	AAAA	AAAB	0.8998003245466621	0.22505028081211886	1
m5	s3	35	53	1	0	2	1.0	0.001	AA	AA	B	0.7695649077178573	0.6251904044511036	1
m6	s0	85	6	2	2	2	1.0	0.001	AA	AAAA	AAAB	0.346255296705746	0.08721756887973076	2
m6	s1	77	20	1	1	2	1.0	0.001	AA	AA	AB	0.3705571785703962	0.1859080321066277	2
m6	s2	76	46	1	1	2	1.0	0.001	AA	AA	AB	0.6237355250188696	0.31224402698441595	2
m6	s3	101	2	2	1	2	1.0	0.001	AA	AA	AAB	0.029893832795379233	0.01568261581737485	2
m7	s0	87	24	2	1	2	1.0	0.001	AA	AAA	AAB	0.5595162337345532	0.1869458950111165	1
m7	s1	63	21	1	0	2	1.0	0.001	AA	AA	B	0.4851607633848546	0.32063156891815875	1
m7	s2	5	97	2	0	2	1.0	0.001	AA	AA	BB	0.8998003245466621	0.8990007238975689	1
m7	s3	75	26	2	1	2	1.0	0.001	AA	AAA	AAB	0.7695649077178573	0.2567520709982346	1
m8	s0	56	37	2	0	2	1.0	0.001	AA	AA	BB	0.346255296705746	0.34656278611233454	2
m8	s1	58	46	1	0	2	1.0	0.001	AA	A	B	0.3705571785703962	0.37081606421325547	2
m8	s2	43	69	2	0	2	1.0	0.001	AA	AA	BB	0.6237355250188696	0.623488053968832	2
m8	s3	83	1	3	1	2	1.0	0.001	AA	AA	AAAB	0.029893832795379233	0.015455012990699842	2
m9	s0	78	25	1	0	2	1.0	0.001	AA	AA	B	0.346255296705746	0.2099577583674037	2
m9	s1	52	39	2	0	2	1.0	0.001	AA	AA	BB	0.3705571785703962	0.37081606421325547	2
m9	s2	86	21	2	1	2	1.0	0.001	AA	AA	AAB	0.6237355250188696	0.2380148639273925	2
m9	s3	95	4	1	1	2	1.0	0.001	AA	AA	AB	0.029893832795379233	0.01591702256489424	2
m10	s0	71	32	1	1	2	1.0	0.001	AA	AA	AB	0.5733531380009597	0.2871032158624789	3
m10	s1	48	51	1	0	2	1.0	0.001	AA	AA	B	0.7656248340622057	0.6200124408518661	3
m10	s2	85	18	2	1	2	1.0	0.001	AA	AAA	AAB	0.4995033853428451	0.1670016250622722	3
m10	s3	88	4	3	0	2	1.0	0.001	AA	AAA	AAB	0.15338357387085155	0.051974474383079665	3
m11	s0	93	8	4	0	2	1.0	0.001	AA	AAAA	AAAB	0.1692567775854891	0.04314493761878679	0
m11	s1	27	81	1	0	2	1.0	0.001	AA	A	B	0.7555651186098564	0.7550539883726367	0
m11	s2	64	49	1	1	2	1.0	0.001	AA	AA	AB	0.9529679801978649	0.4765310221187346	0
m11	s3	89	9	3	1	2	1.0	0.001	AA	AAAA	AAAB	0.33915875910166066	0.0854505310163135	0
m12	s0	72	26	1	1	2	1.0	0.001	AA	AA	AB	0.5733531380009597	0.2871032158624789	3
m12	s1	11	98	3	0	2	1.0	0.001	AA	AA	BBB	0.7656248340622057	0.8298473277177278	3
m12	s2	52	33	1	0	2	1.0	0.001	AA	AA	B	0.4995033853428451	0.3332262600946031	3
m12	s3	102	3	2	1	2	1.0	0.001	AA	AA	AAB	0.15338357387085155	0.07201541267650188	3
m13	s0	90	18	3	1	2	1.0	0.001	AA	AAAA	AAAB	0.5733531380009597	0.14376493136223895	3
m13	s1	51	47	2	1	2	1.0	0.001	AA	AA	ABB	0.7656248340622057	0.553841721259954	3
m13	s2	90	12	2	2	2	1.0	0.001	AA	AAAA	AAAB	0.4995033853428451	0.12537634295036842	3
m13	s3	106	16	1	0	2	1.0	0.001	AA	A	B	0.15338357387085155	0.15407680672310986	3
m14	s0	105	4	2	1	2	1.0	0.001	AA	AA	AAB	0.1692567775854891	0.07879116285189632	0
m14	s1	44	65	1	0	2	1.0	0.001	AA	AA	B	0.7555651186098564	0.6069408970683078	0
m14	s2	63	20	4	0	2	1.0	0.001	AA	AAAA	AAAB	0.9529679801978649	0.23828902706926836	0
m14	s3	85	14	1	1	2	1.0	0.001	AA	AA	AB	0.33915875910166066	0.17024022079172868	0
m15	s0	97	6	1	1	2	1.0	0.001	AA	AA	AB	0.1692567775854891	0.08545913201515906	0
m15	s1	36	56	1	0	2	1.0	0.001	AA	AA	B	0.7555651186098564	0.6069408970683078	0
m15	s2	87	35	2	1	2	1.0	0.001	AA	AAA	AAB	0.9529679801978649	0.31770302541909046	0
m15	s3	71	51	1	0	2	1.0	0.001	AA	A	B	0.33915875910166066	0.3394804415834573	0
m16	s0	53	60	2	0	2	1.0	0.001	AA	AA	BB	0.5595162337345532	0.5593972012670841	1
m16	s1	54	38	1	0	2	1.0	0.001	AA	A	B	0.4851607633848546	0.4851904418580849	1
m16	s2	77	17	3	1	2	1.0	0.001	AA	AAAA	AAAB	0.8998003245466621	0.22505028081211886	1
m16	s3	17	70	2	0	2	1.0	0.001	AA	AA	BB	0.7695649077178573	0.7690257779024217	1
m17	s0	96	10	1	0	2	1.0	0.001	AA	AA	B	0.1692567775854891	0.0932675894479276	0
m17	s1	93	24	2	2	2	1.0	0.001	AA	AAAA	AAAB	0.7555651186098564	0.18913571453385425	0
m17	s2	73	14	4	0	2	1.0	0.001	AA	AAAA	AAAB	0.9529679801978649	0.23828902706926836	0
m17	s3	82	20	1	1	2	1.0	0.001	AA	AA	AB	0.33915875910166066	0.17024022079172868	0
m18	s0	58	30	2	0	2	1.0	0.001	AA	AA	BB	0.346255296705746	0.34656278611233454	2
m18	s1	88	10	1	0	2	1.0	0.001	AA	AA	B	0.3705571785703962	0.2279586016456807	2
m18	s2	55	53	1	0	2	1.0	0.001	AA	AA	B	0.6237355250188696	0.4533026389803215	2
m18	s3	114	1	2	2	2	1.0	0.001	AA	AAAA	AAAB	0.029893832795379233	0.00844356436604943	2
m19	s0	84	10	3	1	2	1.0	0.001	AA	AA	AAAB	0.346255296705746	0.12908502085852966	2
m19	s1	69	21	1	1	2	1.0	0.001	AA	AA	AB	0.3705571785703962	0.1859080321066277	2
m19	s2	78	13	3	1	2	1.0	0.001	AA	AAAA	AAAB	0.6237355250188696	0.15631014572969854	2
m19	s3	115	0	1	0	2	1.0	0.001	AA	A	B	0.029893832795379233	0.030834045129788473	2
m20	s0	48	69	2	0	2	1.0	0.001	AA	AA	BB	0.5733531380009597	0.5732064317249577	3
m20	s1	72	24	2	1	2	1.0	0.001	AA	AAA	AAB	0.7656248340622057	0.255442653186673	3
m20	s2	75	40	1	0	2	1.0	0.001	AA	AA	B	0.4995033853428451	0.3332262600946031	3
m20	s3	85	15	2	2	2	1.0	0.001	AA	AA	AABB	0.15338357387085155	0.13371977353498396	3
m21	s0	60	39	2	1	2	1.0	0.001	AA	AA	ABB	0.5733531380009597	0.44593940597572557	3
m21	s1	17	87	4	0	2	1.0	0.001	AA	AA	BBBB	0.7656248340622057	0.8665220176486951	3
m21	s2	52	51	2	0	2	1.0	0.001	AA	AA	BB	0.4995033853428451	0.49950437857215946	3
m21	s3	104	4	3	1	2	1.0	0.001	AA	AAAA	AAAB	0.15338357387085155	0.039192509893842035	3
m22	s0	47	45	1	0	2	1.0	0.001	AA	AA	B	0.5733531380009597	0.4020848423436567	3
m22	s1	75	17	3	1	2	1.0	0.001	AA	AAAA	AAAB	0.7656248340622057	0.19164058368148923	3
m22	s2	54	54	1	0	2	1.0	0.001	AA	A	B	0.4995033853428451	0.49950437857215946	3
m22	s3	73	8	1	0	2	1.0	0.001	AA	AA	B	0.15338357387085155	0.08389583291749836	3
m23	s0	93	14	3	0	2	1.0	0.001	AA	AAA	AAB	0.346255296705746	0.11607217693854292	2
m23	s1	80	7	3	1	2	1.0	0.001	AA	AAAA	AAAB	0.3705571785703962	0.09326873746402865	2
m23	s2	44	59	3	1	2	1.0	0.001	AA	AA	ABBB	0.6237355250188696	0.5764359636046076	2
m23	s3	77	0	2	1	2	1.0	0.001	AA	AAA	AAB	0.029893832795379233	0.010934717098997697	2
m24	s0	6	97	4	0	2	1.0	0.001	AA	AA	BBBB	0.7730598412919708	0.8712624735408929	4
m24	s1	45	46	1	0	2	1.0	0.001	AA	A	B	0.5067762023883532	0.5067626499835765	4
m24	s2	60	22	2	2	2	1.0	0.001	AA	AA	AABB	0.2781292693228206	0.21817131235969495	4
m24	s3	93	4	3	0	2	1.0	0.001	AA	AAA	AAB	0.22370265801560996	0.07534385001385438	4
m25	s0	54	31	1	0	2	1.0	0.001	AA	A	B	0.346255296705746	0.34656278611233454	2
m25	s1	77	20	1	1	2	1.0	0.001	AA	AA	AB	0.3705571785703962	0.1859080321066277	2
m25	s2	73	18	2	1	2	1.0	0.001	AA	AA	AAB	0.6237355250188696	0.2380148639273925	2
m25	s3	90	4	3	1	2	1.0	0.001	AA	AA	ABBB	0.029893832795379233	0.044481143494113175	2
m26	s0	71	11	1	0	2	1.0	0.001	AA	AA	B	0.1692567775854891	0.0932675894479276	0
m26	s1	23	81	1	0	2	1.0	0.001	AA	A	B	0.7555651186098564	0.7550539883726367	0
m26	s2	92	25	3	1	2	1.0	0.001	AA	AA	AAAB	0.9529679801978649	0.24400349977599473	0
m26	s3	88	20	1	0	2	1.0	0.001	AA	AA	B	0.33915875910166066	0.20480060011056522	0
m27	s0	75	45	2	0	2	1.0	0.001	AA	AA	BB	0.346255296705746	0.34656278611233454	2
m27	s1	69	40	1	0	2	1.0	0.001	AA	A	B	0.3705571785703962	0.37081606421325547	2
m27	s2	26	71	3	0	2	1.0	0.001	AA	AA	BBB	0.6237355250188696	0.7127577759263922	2
m27	s3	100	1	1	1	2	1.0	0.001	AA	AA	AB	0.029893832795379233	0.01591702256489424	2
m28	s0	88	17	2	1	2	1.0	0.001	AA	AA	AAB	0.346255296705746	0.14813510984943928	2
m28	s1	54	39	3	1	2	1.0	0.001	AA	AA	ABBB	0.3705571785703962	0.40601386018601787	2
m28	s2	51	49	1	0	2	1.0	0.001	AA	AA	B	0.6237355250188696	0.4533026389803215	2
m28	s3	109	2	1	0	2	1.0	0.001	AA	A	B	0.029893832795379233	0.030834045129788473	2
m29	s0	70	32	1	1	2	1.0	0.001	AA	AA	AB	0.5733531380009597	0.2871032158624789	3
m29	s1	33	67	3	1	2	1.0	0.001	AA	AA	ABBB	0.7656248340622057	0.6505751415018763	3
m29	s2	70	31	1	1	2	1.0	0.001	AA	AA	AB	0.4995033853428451	0.25025218928607973	3
m29	s3	92	12	2	1	2	1.0	0.001	AA	AA	ABB	0.15338357387085155	0.14324451265293306	3
m30	s0	84	11	2	1	2	1.0	0.001	AA	AAA	AAB	0.346255296705746	0.11607217693854292	2
m30	s1	75	33	2	0	2	1.0	0.001	AA	AA	BB	0.3705571785703962	0.37081606421325547	2
m30	s2	53	52	2	1	2	1.0	0.001	AA	AA	ABB	0.6237355250188696	0.47574291199899976	2
m30	s3	95	2	1	0	2	1.0	0.001	AA	AA	B	0.029893832795379233	0.016143369238887227	2
m31	s0	101	12	2	0	2	1.0	0.001	AA	AA	BB	0.1692567775854891	0.1699182640303181	0
m31	s1	57	38	1	1	2	1.0	0.001	AA	AA	AB	0.7555651186098564	0.37802699418631835	0
m31	s2	76	40	2	1	2	1.0	0.001	AA	AAA	AAB	0.9529679801978649	0.31770302541909046	0
m31	s3	71	35	2	0	2	1.0	0.001	AA	AA	BB	0.33915875910166066	0.3394804415834573	0
m32	s0	98	11	3	1	2	1.0	0.001	AA	AA	AAAB	0.1692567775854891	0.07308842134029091	0
m32	s1	23	66	1	0	2	1.0	0.001	AA	A	B	0.7555651186098564	0.7550539883726367	0
m32	s2	79	24	2	2	2	1.0	0.001	AA	AAAA	AAAB	0.9529679801978649	0.23828902706926836	0
m32	s3	88	9	3	1	2	1.0	0.001	AA	AA	AAAB	0.33915875910166066	0.12712474875341132	0
m33	s0	48	57	3	1	2	1.0	0.001	AA	AA	ABBB	0.5595162337345532	0.538445715539133	1
m33	s1	51	31	2	1	2	1.0	0.001	AA	AA	ABB	0.4851607633848546	0.39086051073811967	1
m33	s2	74	19	3	1	2	1.0	0.001	AA	AA	AAAB	0.8998003245466621	0.23686718869056161	1
m33	s3	53	41	2	2	2	1.0	0.001	AA	AA	AABB	0.7695649077178573	0.4350195573232271	1
m34	s0	17	105	1	0	2	1.0	0.001	AA	A	B	0.8684264923208468	0.867689639336205	5
m34	s1	8	108	1	0	2	1.0	0.001	AA	A	B	0.8979324119631319	0.8971365471392057	5
m34	s2	73	21	1	0	2	1.0	0.001	AA	A	B	0.23182765423469529	0.23236399892622592	5
m34	s3	88	5	2	2	2	1.0	0.001	AA	AAAA	AAAB	0.1552936153703447	0.03966811022721583	5
m35	s0	44	67	2	0	2	1.0	0.001	AA	AA	BB	0.5733531380009597	0.5732064317249577	3
m35	s1	67	35	2	1	2	1.0	0.001	AA	AA	AAB	0.7656248340622057	0.2770056064577737	3
m35	s2	69	42	1	0	2	1.0	0.001	AA	AA	B	0.4995033853428451	0.3332262600946031	3
m35	s3	77	23	3	0	2	1.0	0.001	AA	AA	BBB	0.15338357387085155	0.21425992532943494	3
m36	s0	95	19	1	0	2	1.0	0.001	AA	A	B	0.1692567775854891	0.1699182640303181	0
m36	s1	87	33	3	0	2	1.0	0.001	AA	AAA	AAB	0.7555651186098564	0.25209947441800895	0
m36	s2	87	17	3	1	2	1.0	0.001	AA	AA	AAAB	0.9529679801978649	0.24400349977599473	0
m36	s3	97	18	3	0	2	1.0	0.001	AA	AAA	AAB	0.33915875910166066	0.11371376094145189	0
m37	s0	72	25	2	1	2	1.0	0.001	AA	AAA	AAB	0.6754430026121129	0.22547222453475885	6
m37	s1	6	74	2	0	2	1.0	0.001	AA	AA	BB	0.92838323145308	0.9275264649901739	6
m37	s2	70	30	2	1	2	1.0	0.001	AA	AAA	AAB	0.9804893679075165	0.326849299934598	6
m37	s3	110	19	1	0	2	1.0	0.001	AA	AA	B	0.2290888437062952	0.13010340826886987	6
m38	s0	62	40	3	0	2	1.0	0.001	AA	AA	BBB	0.346255296705746	0.44284806307845664	2
m38	s1	74	23	1	0	2	1.0	0.001	AA	AA	B	0.3705571785703962	0.2279586016456807	2
m38	s2	81	28	1	1	2	1.0	0.001	AA	AA	AB	0.6237355250188696	0.31224402698441595	2
m38	s3	105	1	1	1	2	1.0	0.001	AA	AA	AB	0.029893832795379233	0.01591702256489424	2
m39	s0	97	4	3	1	2	1.0	0.001	AA	AA	AAAB	0.1692567775854891	0.07308842134029091	0
m39	s1	87	23	3	1	2	1.0	0.001	AA	AAAA	AAAB	0.7555651186098564	0.18913571453385425	0
m39	s2	66	22	3	1	2	1.0	0.001	AA	AAAA	AAAB	0.9529679801978649	0.23828902706926836	0
m39	s3	64	33	2	1	2	1.0	0.001	AA	AA	ABB	0.33915875910166066	0.29054855641612337	0
m40	s0	89	5	3	1	2	1.0	0.001	AA	AA	AAAB	0.1692567775854891	0.07308842134029091	0
m40	s1	93	18	2	1	2	1.0	0.001	AA	AAA	AAB	0.7555651186098564	0.25209947441800895	0
m40	s2	3	79	2	0	2	1.0	0.001	AA	AA	BB	0.9529679801978649	0.9520620442374692	0
m40	s3	75	16	1	0	2	1.0	0.001	AA	AA	B	0.33915875910166066	0.20480060011056522	0
m41	s0	71	26	1	1	2	1.0	0.001	AA	AA	AB	0.346255296705746	0.17378139305616727	2
m41	s1	68	46	1	0	2	1.0	0.001	AA	A	B	0.3705571785703962	0.37081606421325547	2
m41	s2	36	71	1	0	2	1.0	0.001	AA	A	B	0.6237355250188696	0.623488053968832	2
m41	s3	87	3	2	0	2	1.0	0.001	AA	AA	BB	0.029893832795379233	0.030834045129788473	2
m42	s0	109	5	1	1	2	1.0	0.001	AA	AA	AB	0.1692567775854891	0.08545913201515906	0
m42	s1	23	75	1	0	2	1.0	0.001	AA	A	B	0.7555651186098564	0.7550539883726367	0
m42	s2	64	61	1	1	2	1.0	0.001	AA	AA	AB	0.9529679801978649	0.4765310221187346	0
m42	s3	82	21	1	0	2	1.0	0.001	AA	AA	B	0.33915875910166066	0.20480060011056522	0
m43	s0	95	8	3	1	2	1.0	0.001	AA	AAAA	AAAB	0.346255296705746	0.08721756887973076	2
m43	s1	64	44	3	0	2	1.0	0.001	AA	AA	BBB	0.3705571785703962	0.4690115724138902	2
m43	s2	76	30	1	1	2	1.0	0.001	AA	AA	AB	0.6237355250188696	0.31224402698441595	2
m43	s3	95	0	1	0	2	1.0	0.001	AA	A	B	0.029893832795379233	0.030834045129788473	2
m44	s0	89	9	2	0	2	1.0	0.001	AA	AA	BB	0.1692567775854891	0.1699182640303181	0
m44	s1	22	80	1	0	2	1.0	0.001	AA	A	B	0.7555651186098564	0.7550539883726367	0
m44	s2	74	31	3	0	2	1.0	0.001	AA	AAA	AAB	0.9529679801978649	0.31770302541909046	0
m44	s3	82	16	1	1	2	1.0	0.001	AA	AA	AB	0.33915875910166066	0.17024022079172868	0
m45	s0	94	18	2	1	2	1.0	0.001	AA	AA	ABB	0.1692567775854891	0.15681640141949543	0
m45	s1	67	31	3	0	2	1.0	0.001	AA	AAA	AAB	0.7555651186098564	0.25209947441800895	0
m45	s2	70	39	1	1	2	1.0	0.001	AA	AA	AB	0.9529679801978649	0.4765310221187346	0
m45	s3	87	27	2	1	2	1.0	0.001	AA	AA	ABB	0.33915875910166066	0.29054855641612337	0
m46	s0	65	39	3	0	2	1.0	0.001	AA	AA	BBB	0.346255296705746	0.44284806307845664	2
m46	s1	84	13	2	1	2	1.0	0.001	AA	AAA	AAB	0.3705571785703962	0.124148502344895	2
m46	s2	74	19	2	1	2	1.0	0.001	AA	AA	AAB	0.6237355250188696	0.2380148639273925	2
m46	s3	89	1	2	2	2	1.0	0.001	AA	AAAA	AAAB	0.029893832795379233	0.00844356436604943	2
m47	s0	40	59	2	0	2	1.0	0.001	AA	AA	BB	0.5733531380009597	0.5732064317249577	3
m47	s1	79	23	2	1	2	1.0	0.001	AA	AAA	AAB	0.7656248340622057	0.255442653186673	3
m47	s2	78	12	2	1	2	1.0	0.001	AA	AAA	AAB	0.4995033853428451	0.1670016250622722	3
m47	s3	72	7	1	1	2	1.0	0.001	AA	AA	AB	0.15338357387085155	0.07753840336155493	3
m48	s0	54	47	3	0	2	1.0	0.001	AA	AA	BBB	0.346255296705746	0.44284806307845664	2
m48	s1	74	23	1	0	2	1.0	0.001	AA	AA	B	0.3705571785703962	0.2279586016456807	2
m48	s2	38	55	3	1	2	1.0	0.001	AA	AA	ABBB	0.6237355250188696	0.5764359636046076	2
m48	s3	108	1	2	2	2	1.0	0.001	AA	AAAA	AAAB	0.029893832795379233	0.00844356436604943	2
m49	s0	35	55	1	0	2	1.0	0.001	AA	A	B	0.5595162337345532	0.5593972012670841	1
m49	s1	58	38	1	0	2	1.0	0.001	AA	AA	B	0.4851607633848546	0.32063156891815875	1
m49	s2	79	30	2	1	2	1.0	0.001	AA	AAA	AAB	0.8998003245466621	0.30003364119100734	1
m49	s3	52	81	1	0	2	1.0	0.001	AA	AA	B	0.7695649077178573	0.6251904044511036	1
m50	s0	35	69	3	0	2	1.0	0.001	AA	AA	BBB	0.5733531380009597	0.6680749031003117	3
m50	s1	62	41	2	2	2	1.0	0.001	AA	AA	AABB	0.7656248340622057	0.4337610088243475	3
m50	s2	33	76	3	0	2	1.0	0.001	AA	AA	BBB	0.4995033853428451	0.599324108895474	3
m50	s3	92	7	1	1	2	1.0	0.001	AA	AA	AB	0.15338357387085155	0.07753840336155493	3
m51	s0	86	12	2	0	2	1.0	0.001	AA	AA	BB	0.1692567775854891	0.1699182640303181	0
m51	s1	81	16	3	1	2	1.0	0.001	AA	AA	AAAB	0.7555651186098564	0.21533065915872088	0
m51	s2	8	71	1	0	2	1.0	0.001	AA	AA	B	0.9529679801978649	0.9093409353776954	0
m51	s3	89	13	2	1	2	1.0	0.001	AA	AAA	AAB	0.33915875910166066	0.11371376094145189	0
m52	s0	94	10	1	0	2	1.0	0.001	AA	AA	B	0.1692567775854891	0.0932675894479276	0
m52	s1	15	82	1	0	2	1.0	0.001	AA	A	B	0.7555651186098564	0.7550539883726367	0
m52	s2	6	81	2	0	2	1.0	0.001	AA	AA	BB	0.9529679801978649	0.9520620442374692	0
m52	s3	93	16	2	2	2	1.0	0.001	AA	AAAA	AAAB	0.33915875910166066	0.0854505310163135	0
m53	s0	93	4	2	2	2	1.0	0.001	AA	AAAA	AAAB	0.1692567775854891	0.04314493761878679	0
m53	s1	73	19	2	1	2	1.0	0.001	AA	AAA	AAB	0.7555651186098564	0.25209947441800895	0
m53	s2	5	105	1	0	2	1.0	0.001	AA	A	B	0.9529679801978649	0.9520620442374692	0
m53	s3	96	28	1	0	2	1.0	0.001	AA	AA	B	0.33915875910166066	0.20480060011056522	0
m54	s0	89	15	3	1	2	1.0	0.001	AA	AAAA	AAAB	0.5733531380009597	0.14376493136223895	3
m54	s1	23	76	2	0	2	1.0	0.001	AA	AA	BB	0.7656248340622057	0.7650935843940814	3
m54	s2	78	28	1	0	2	1.0	0.001	AA	AA	B	0.4995033853428451	0.3332262600946031	3
m54	s3	113	4	2	1	2	1.0	0.001	AA	AAA	AAB	0.15338357387085155	0.051974474383079665	3
m55	s0	38	54	1	0	2	1.0	0.001	AA	A	B	0.5733531380009597	0.5732064317249577	3
m55	s1	5	87	4	0	2	1.0	0.001	AA	AA	BBBB	0.7656248340622057	0.8665220176486951	3
m55	s2	79	26	1	1	2	1.0	0.001	AA	AA	AB	0.4995033853428451	0.25025218928607973	3
m55	s3	84	14	1	0	2	1.0	0.001	AA	A	B	0.15338357387085155	0.15407680672310986	3
m56	s0	76	22	2	1	2	1.0	0.001	AA	AAA	AAB	0.5595162337345532	0.1869458950111165	1
m56	s1	79	12	4	0	2	1.0	0.001	AA	AAAA	AAAB	0.4851607633848546	0.1218050300828288	1
m56	s2	21	89	1	0	2	1.0	0.001	AA	AA	B	0.8998003245466621	0.8172161323375661	1
m56	s3	31	86	1	0	2	1.0	0.001	AA	A	B	0.7695649077178573	0.7690257779024217	1
m57	s0	96	19	2	0	2	1.0	0.001	AA	AA	BB	0.1692567775854891	0.1699182640303181	0
m57	s1	74	30	2	2	2	1.0	0.001	AA	AAAA	AAAB	0.7555651186098564	0.18913571453385425	0
m57	s2	74	22	2	2	2	1.0	0.001	AA	AAAA	AAAB	0.9529679801978649	0.23828902706926836	0
m57	s3	64	34	1	0	2	1.0	0.001	AA	A	B	0.33915875910166066	0.3394804415834573	0
m58	s0	107	4	2	1	2	1.0	0.001	AA	AAA	AAB	0.1692567775854891	0.05724966908424421	0
m58	s1	34	65	1	0	2	1.0	0.001	AA	AA	B	0.7555651186098564	0.6069408970683078	0
m58	s2	27	80	3	1	2	1.0	0.001	AA	AA	ABBB	0.9529679801978649	0.7319623346675503	0
m58	s3	75	14	2	1	2	1.0	0.001	AA	AA	AAB	0.33915875910166066	0.1455567905592764	0
m59	s0	96	22	1	0	2	1.0	0.001	AA	A	B	0.1692567775854891	0.1699182640303181	0
m59	s1	85	23	2	1	2	1.0	0.001	AA	AA	AAB	0.7555651186098564	0.27437347906118625	0
m59	s2	22	69	3	1	2	1.0	0.001	AA	AA	ABBB	0.9529679801978649	0.7319623346675503	0
m59	s3	48	46	4	0	2	1.0	0.001	AA	AA	BBBB	0.33915875910166066	0.5065120452044358	0
m60	s0	77	27	3	0	2	1.0	0.001	AA	AA	BBB	0.1692567775854891	0.23460756427139176	0
m60	s1	73	29	2	1	2	1.0	0.001	AA	AA	AAB	0.7555651186098564	0.27437347906118625	0
m60	s2	85	22	3	1	2	1.0	0.001	AA	AAAA	AAAB	0.9529679801978649	0.23828902706926836	0
m60	s3	78	7	2	1	2	1.0	0.001	AA	AAA	AAB	0.33915875910166066	0.11371376094145189	0
m61	s0	89	17	2	0	2	1.0	0.001	AA	AA	BB	0.1692567775854891	0.1699182640303181	0
m61	s1	32	61	2	0	2	1.0	0.001	AA	AA	BB	0.7555651186098564	0.7550539883726367	0
m61	s2	61	26	2	1	2	1.0	0.001	AA	AAA	AAB	0.9529679801978649	0.31770302541909046	0
m61	s3	75	28	1	1	2	1.0	0.001	AA	AA	AB	0.33915875910166066	0.17024022079172868	0
m62	s0	75	15	4	0	2	1.0	0.001	AA	AAAA	AAAB	0.5595162337345532	0.14031954219990375	1
m62	s1	92	16	2	2	2	1.0	0.001	AA	AAAA	AAAB	0.4851607633848546	0.1218050300828288	1
m62	s2	5	85	1	0	2	1.0	0.001	AA	A	B	0.8998003245466621	0.8990007238975689	1
m62	s3	35	62	1	0	2	1.0	0.001	AA	AA	B	0.7695649077178573	0.6251904044511036	1
m63	s0	27	81	4	0	2	1.0	0.001	AA	AA	BBBB	0.5595162337345532	0.7171159200374563	1
m63	s1	31	69	4	0	2	1.0	0.001	AA	AA	BBBB	0.4851607633848546	0.6530377507880808	1
m63	s2	76	16	2	2	2	1.0	0.001	AA	AAAA	AAAB	0.8998003245466621	0.22505028081211886	1
m63	s3	68	28	2	1	2	1.0	0.001	AA	AAA	AAB	0.7695649077178573	0.2567520709982346	1
m64	s0	69	29	1	1	2	1.0	0.001	AA	AA	AB	0.5733531380009597	0.2871032158624789	3
m64	s1	71	33	2	1	2	1.0	0.001	AA	AA	AAB	0.7656248340622057	0.2770056064577737	3
m64	s2	60	33	2	1	2	1.0	0.001	AA	AA	ABB	0.4995033853428451	0.4000825803153846	3
m64	s3	101	3	2	1	2	1.0	0.001	AA	AAA	AAB	0.15338357387085155	0.051974474383079665	3
m65	s0	87	11	2	1	2	1.0	0.001	AA	AA	AAB	0.1692567775854891	0.07879116285189632	0
m65	s1	13	72	4	0	2	1.0	0.001	AA	AA	BBBB	0.7555651186098564	0.8600441680337487	0
m65	s2	7	101	1	0	2	1.0	0.001	AA	AA	B	0.9529679801978649	0.9093409353776954	0
m65	s3	97	8	3	1	2	1.0	0.001	AA	AAAA	AAAB	0.33915875910166066	0.0854505310163135	0
m66	s0	81	12	3	1	2	1.0	0.001	AA	AAAA	AAAB	0.5595162337345532	0.14031954219990375	1
m66	s1	73	23	1	1	2	1.0	0.001	AA	AA	AB	0.4851607633848546	0.24309522092904243	1
m66	s2	71	21	4	0	2	1.0	0.001	AA	AAAA	AAAB	0.8998003245466621	0.22505028081211886	1
m66	s3	79	20	2	1	2	1.0	0.001	AA	AA	AAB	0.7695649077178573	0.2780313166723826	1
m67	s0	92	8	1	1	2	1.0	0.001	AA	AA	AB	0.1692567775854891	0.08545913201515906	0
m67	s1	16	66	1	0	2	1.0	0.001	AA	A	B	0.7555651186098564	0.7550539883726367	0
m67	s2	68	14	2	2	2	1.0	0.001	AA	AAAA	AAAB	0.9529679801978649	0.23828902706926836	0
m67	s3	67	28	2	0	2	1.0	0.001	AA	AA	BB	0.33915875910166066	0.3394804415834573	0
m68	s0	80	10	1	0	2	1.0	0.001	AA	AA	B	0.1692567775854891	0.0932675894479276	0
m68	s1	73	15	3	1	2	1.0	0.001	AA	AAAA	AAAB	0.7555651186098564	0.18913571453385425	0
m68	s2	64	24	3	1	2	1.0	0.001	AA	AAAA	AAAB	0.9529679801978649	0.23828902706926836	0
m68	s3	99	7	2	1	2	1.0	0.001	AA	AAA	AAB	0.33915875910166066	0.11371376094145189	0
m69	s0	91	7	3	1	2	1.0	0.001	AA	AAAA	AAAB	0.346255296705746	0.08721756887973076	2
m69	s1	91	6	3	1	2	1.0	0.001	AA	AAAA	AAAB	0.3705571785703962	0.09326873746402865	2
m69	s2	26	85	4	0	2	1.0	0.001	AA	AA	BBBB	0.6237355250188696	0.7677357699297709	2
m69	s3	101	5	1	0	2	1.0	0.001	AA	AA	B	0.029893832795379233	0.016143369238887227	2
m70	s0	92	8	3	1	2	1.0	0.001	AA	AAAA	AAAB	0.346255296705746	0.08721756887973076	2
m70	s1	93	9	2	2	2	1.0	0.001	AA	AAAA	AAAB	0.3705571785703962	0.09326873746402865	2
m70	s2	74	21	3	1	2	1.0	0.001	AA	AAAA	AAAB	0.6237355250188696	0.15631014572969854	2
m70	s3	114	0	1	1	2	1.0	0.001	AA	AA	AB	0.029893832795379233	0.01591702256489424	2
m71	s0	100	7	1	0	2	1.0	0.001	AA	AA	B	0.1692567775854891	0.0932675894479276	0
m71	s1	11	79	4	0	2	1.0	0.001	AA	AA	BBBB	0.7555651186098564	0.8600441680337487	0
m71	s2	62	41	3	0	2	1.0	0.001	AA	AAA	AAB	0.9529679801978649	0.31770302541909046	0
m71	s3	75	29	2	1	2	1.0	0.001	AA	AA	ABB	0.33915875910166066	0.29054855641612337	0
m72	s0	34	65	1	0	2	1.0	0.001	AA	A	B	0.6737152007460995	0.6733677703446073	7
m72	s1	49	59	1	0	2	1.0	0.001	AA	AA	B	0.7205272685277736	0.5630176157746644	7
m72	s2	69	32	2	0	2	1.0	0.001	AA	AA	BB	0.269114600082832	0.26957637088266634	7
m72	s3	71	16	4	0	2	1.0	0.001	AA	AAAA	AAAB	0.524761222020862	0.13166554428319463	7
m73	s0	77	10	2	1	2	1.0	0.001	AA	AA	AAB	0.1692567775854891	0.07879116285189632	0
m73	s1	23	71	1	0	2	1.0	0.001	AA	A	B	0.7555651186098564	0.7550539883726367	0
m73	s2	4	96	2	0	2	1.0	0.001	AA	AA	BB	0.9529679801978649	0.9520620442374692	0
m73	s3	99	9	2	1	2	1.0	0.001	AA	AAA	AAB	0.33915875910166066	0.11371376094145189	0
m74	s0	39	71	1	0	2	1.0	0.001	AA	A	B	0.5733531380009597	0.5732064317249577	3
m74	s1	84	20	3	1	2	1.0	0.001	AA	AAAA	AAAB	0.7656248340622057	0.19164058368148923	3
m74	s2	86	13	3	1	2	1.0	0.001	AA	AA	AAAB	0.4995033853428451	0.1668900462194437	3
m74	s3	89	15	1	0	2	1.0	0.001	AA	A	B	0.15338357387085155	0.15407680672310986	3
m75	s0	102	8	1	1	2	1.0	0.001	AA	AA	AB	0.1692567775854891	0.08545913201515906	0
m75	s1	16	81	3	0	2	1.0	0.001	AA	AA	BBB	0.7555651186098564	0.8219430253853477	0
m75	s2	11	92	1	0	2	1.0	0.001	AA	AA	B	0.9529679801978649	0.9093409353776954	0
m75	s3	86	6	3	0	2	1.0	0.001	AA	AAA	AAB	0.33915875910166066	0.11371376094145189	0
m76	s0	79	16	3	1	2	1.0	0.001	AA	AAAA	AAAB	0.5733531380009597	0.14376493136223895	3
m76	s1	48	53	1	0	2	1.0	0.001	AA	AA	B	0.7656248340622057	0.6200124408518661	3
m76	s2	83	12	2	1	2	1.0	0.001	AA	AAA	AAB	0.4995033853428451	0.1670016250622722	3
m76	s3	86	15	2	0	2	1.0	0.001	AA	AA	BB	0.15338357387085155	0.15407680672310986	3
m77	s0	93	9	3	1	2	1.0	0.001	AA	AAAA	AAAB	0.5595162337345532	0.14031954219990375	1
m77	s1	54	50	1	0	2	1.0	0.001	AA	A	B	0.4851607633848546	0.4851904418580849	1
m77	s2	9	95	4	0	2	1.0	0.001	AA	AA	BBBB	0.8998003245466621	0.9463632703340582	1
m77	s3	67	27	2	1	2	1.0	0.001	AA	AA	AAB	0.7695649077178573	0.2780313166723826	1
m78	s0	103	8	3	1	2	1.0	0.001	AA	AAAA	AAAB	0.346255296705746	0.08721756887973076	2
m78	s1	35	50	4	0	2	1.0	0.001	AA	AA	BBBB	0.3705571785703962	0.5406579872705553	2
m78	s2	79	31	2	1	2	1.0	0.001	AA	AA	AAB	0.6237355250188696	0.2380148639273925	2
m78	s3	110	3	2	1	2	1.0	0.001	AA	AAA	AAB	0.029893832795379233	0.010934717098997697	2
m79	s0	81	17	1	0	2	1.0	0.001	AA	AA	B	0.346255296705746	0.2099577583674037	2
m79	s1	74	29	1	0	2	1.0	0.001	AA	AA	B	0.3705571785703962	0.2279586016456807	2
m79	s2	56	50	2	1	2	1.0	0.001	AA	AA	ABB	0.6237355250188696	0.47574291199899976	2
m79	s3	98	1	1	1	2	1.0	0.001	AA	AA	AB	0.029893832795379233	0.01591702256489424	2
m80	s0	26	72	3	0	2	1.0	0.001	AA	AA	BBB	0.7730598412919708	0.8356524407312517	4
m80	s1	69	9	3	1	2	1.0	0.001	AA	AAAA	AAAB	0.5067762023883532	0.12718727439469996	4
m80	s2	97	12	3	1	2	1.0	0.001	AA	AA	AAAB	0.2781292693228206	0.10936804965443696	4
m80	s3	114	6	2	1	2	1.0	0.001	AA	AAA	AAB	0.22370265801560996	0.07534385001385438	4
m81	s0	74	18	1	0	2	1.0	0.001	AA	A	B	0.1692567775854891	0.1699182640303181	0
m81	s1	50	59	2	1	2	1.0	0.001	AA	AA	ABB	0.7555651186098564	0.5485695463241614	0
m81	s2	76	20	3	1	2	1.0	0.001	AA	AAAA	AAAB	0.9529679801978649	0.23828902706926836	0
m81	s3	70	28	2	1	2	1.0	0.001	AA	AA	ABB	0.33915875910166066	0.29054855641612337	0
m82	s0	88	16	2	1	2	1.0	0.001	AA	AA	AAB	0.346255296705746	0.14813510984943928	2
m82	s1	83	24	1	0	2	1.0	0.001	AA	AA	B	0.3705571785703962	0.2279586016456807	2
m82	s2	64	30	1	1	2	1.0	0.001	AA	AA	AB	0.6237355250188696	0.31224402698441595	2
m82	s3	83	0	2	2	2	1.0	0.001	AA	AAAA	AAAB	0.029893832795379233	0.00844356436604943	2
m83	s0	84	24	2	0	2	1.0	0.001	AA	AA	BB	0.1692567775854891	0.1699182640303181	0
m83	s1	31	59	3	1	2	1.0	0.001	AA	AA	ABBB	0.7555651186098564	0.6457135088750279	0
m83	s2	21	72	3	1	2	1.0	0.001	AA	AA	ABBB	0.9529679801978649	0.7319623346675503	0
m83	s3	76	20	1	0	2	1.0	0.001	AA	AA	B	0.33915875910166066	0.20480060011056522	0
m84	s0	106	3	3	0	2	1.0	0.001	AA	AAA	AAB	0.1692567775854891	0.05724966908424421	0
m84	s1	20	78	2	0	2	1.0	0.001	AA	AA	BB	0.7555651186098564	0.7550539883726367	0
m84	s2	64	41	2	1	2	1.0	0.001	AA	AAA	AAB	0.9529679801978649	0.31770302541909046	0
m84	s3	80	33	2	0	2	1.0	0.001	AA	AA	BB	0.33915875910166066	0.3394804415834573	0
m85	s0	89	4	3	1	2	1.0	0.001	AA	AAAA	AAAB	0.1692567775854891	0.04314493761878679	0
m85	s1	50	57	2	1	2	1.0	0.001	AA	AA	ABB	0.7555651186098564	0.5485695463241614	0
m85	s2	37	73	2	1	2	1.0	0.001	AA	AA	ABB	0.9529679801978649	0.6454624761314274	0
m85	s3	78	12	3	1	2	1.0	0.001	AA	AAAA	AAAB	0.33915875910166066	0.0854505310163135	0
m86	s0	71	37	2	0	2	1.0	0.001	AA	AA	BB	0.346255296705746	0.34656278611233454	2
m86	s1	86	10	2	1	2	1.0	0.001	AA	AAA	AAB	0.3705571785703962	0.124148502344895	2
m86	s2	40	58	1	0	2	1.0	0.001	AA	A	B	0.6237355250188696	0.623488053968832	2
m86	s3	84	3	1	1	2	1.0	0.001	AA	AA	AB	0.029893832795379233	0.01591702256489424	2
m87	s0	56	38	3	0	2	1.0	0.001	AA	AA	BBB	0.346255296705746	0.44284806307845664	2
m87	s1	64	36	2	2	2	1.0	0.001	AA	AA	AABB	0.3705571785703962	0.27082899363527757	2
m87	s2	78	37	1	1	2	1.0	0.001	AA	AA	AB	0.6237355250188696	0.31224402698441595	2
m87	s3	94	4	2	0	2	1.0	0.001	AA	AA	BB	0.029893832795379233	0.030834045129788473	2
m88	s0	99	15	2	1	2	1.0	0.001	AA	AA	AAB	0.346255296705746	0.14813510984943928	2
m88	s1	82	25	1	1	2	1.0	0.001	AA	AA	AB	0.3705571785703962	0.1859080321066277	2
m88	s2	32	75	4	0	2	1.0	0.001	AA	AA	BBBB	0.6237355250188696	0.7677357699297709	2
m88	s3	90	0	2	1	2	1.0	0.001	AA	AA	ABB	0.029893832795379233	0.03040941202336768	2
m89	s0	57	26	1	1	2	1.0	0.001	AA	AA	AB	0.6737152007460995	0.33718388517230363	7
m89	s1	34	54	2	1	2	1.0	0.001	AA	AA	ABB	0.7205272685277736	0.5299022359362815	7
m89	s2	85	8	3	1	2	1.0	0.001	AA	AAAA	AAAB	0.269114600082832	0.06800953542062517	7
m89	s3	42	60	1	0	2	1.0	0.001	AA	A	B	0.524761222020862	0.5247116995768203	7
m90	s0	56	46	3	0	2	1.0	0.001	AA	AA	BBB	0.346255296705746	0.44284806307845664	2
m90	s1	100	6	3	1	2	1.0	0.001	AA	AAAA	AAAB	0.3705571785703962	0.09326873746402865	2
m90	s2	59	54	2	1	2	1.0	0.001	AA	AA	ABB	0.6237355250188696	0.47574291199899976	2
m90	s3	106	0	2	1	2	1.0	0.001	AA	AAA	AAB	0.029893832795379233	0.010934717098997697	2
m91	s0	81	16	2	1	2	1.0	0.001	AA	AAA	AAB	0.5733531380009597	0.19154435952898557	3
m91	s1	69	27	2	1	2	1.0	0.001	AA	AAA	AAB	0.7656248340622057	0.255442653186673	3
m91	s2	60	52	1	0	2	1.0	0.001	AA	A	B	0.4995033853428451	0.49950437857215946	3
m91	s3	77	13	2	0	2	1.0	0.001	AA	AA	BB	0.15338357387085155	0.15407680672310986	3
m92	s0	87	22	1	0	2	1.0	0.001	AA	A	B	0.1692567775854891	0.1699182640303181	0
m92	s1	72	21	3	0	2	1.0	0.001	AA	AAA	AAB	0.7555651186098564	0.25209947441800895	0
m92	s2	67	23	2	1	2	1.0	0.001	AA	AAA	AAB	0.9529679801978649	0.31770302541909046	0
m92	s3	87	32	2	2	2	1.0	0.001	AA	AA	AABB	0.33915875910166066	0.25375602260221786	0
m93	s0	104	15	1	0	2	1.0	0.001	AA	A	B	0.1692567775854891	0.1699182640303181	0
m93	s1	31	52	1	0	2	1.0	0.001	AA	AA	B	0.7555651186098564	0.6069408970683078	0
m93	s2	28	61	2	1	2	1.0	0.001	AA	AA	ABB	0.9529679801978649	0.6454624761314274	0
m93	s3	100	5	4	0	2	1.0	0.001	AA	AAAA	AAAB	0.33915875910166066	0.0854505310163135	0
m94	s0	63	15	2	1	2	1.0	0.001	AA	AAA	AAB	0.5595162337345532	0.1869458950111165	1
m94	s1	40	46	3	0	2	1.0	0.001	AA	AA	BBB	0.4851607633848546	0.5854979314721733	1
m94	s2	69	33	3	0	2	1.0	0.001	AA	AAA	AAB	0.8998003245466621	0.30003364119100734	1
m94	s3	79	27	2	1	2	1.0	0.001	AA	AAA	AAB	0.7695649077178573	0.2567520709982346	1
m95	s0	83	19	2	1	2	1.0	0.001	AA	AA	AAB	0.5595162337345532	0.21894653133315609	1
m95	s1	62	18	1	1	2	1.0	0.001	AA	AA	AB	0.4851607633848546	0.24309522092904243	1
m95	s2	70	29	2	1	2	1.0	0.001	AA	AAA	AAB	0.8998003245466621	0.30003364119100734	1
m95	s3	28	73	1	0	2	1.0	0.001	AA	A	B	0.7695649077178573	0.7690257779024217	1
m96	s0	59	37	1	0	2	1.0	0.001	AA	A	B	0.346255296705746	0.34656278611233454	2
m96	s1	82	22	1	0	2	1.0	0.001	AA	AA	B	0.3705571785703962	0.2279586016456807	2
m96	s2	82	18	3	1	2	1.0	0.001	AA	AA	AAAB	0.6237355250188696	0.19229980632516327	2
m96	s3	98	3	1	0	2	1.0	0.001	AA	A	B	0.029893832795379233	0.030834045129788473	2
m97	s0	73	49	2	0	2	1.0	0.001	AA	AA	BB	0.346255296705746	0.34656278611233454	2
m97	s1	62	14	1	1	2	1.0	0.001	AA	AA	AB	0.3705571785703962	0.1859080321066277	2
m97	s2	34	64	1	0	2	1.0	0.001	AA	A	B	0.6237355250188696	0.623488053968832	2
m97	s3	84	3	3	0	2	1.0	0.001	AA	AA	BBB	0.029893832795379233	0.04509202784074253	2
m98	s0	42	38	3	0	2	1.0	0.001	AA	AA	BBB	0.346255296705746	0.44284806307845664	2
m98	s1	76	30	2	2	2	1.0	0.001	AA	AA	AABB	0.3705571785703962	0.27082899363527757	2
m98	s2	34	54	1	0	2	1.0	0.001	AA	A	B	0.6237355250188696	0.623488053968832	2
m98	s3	116	3	1	0	2	1.0	0.001	AA	A	B	0.029893832795379233	0.030834045129788473	2
m99	s0	79	4	1	0	2	1.0	0.001	AA	AA	B	0.1692567775854891	0.0932675894479276	0
m99	s1	79	39	2	1	2	1.0	0.001	AA	AAA	AAB	0.7555651186098564	0.25209947441800895	0
m99	s2	11	98	1	0	2	1.0	0.001	AA	AA	B	0.9529679801978649	0.9093409353776954	0
m99	s3	101	11	3	0	2	1.0	0.001	AA	AAA	AAB	0.33915875910166066	0.11371376094145189	0
